date,days,rate
2022-09-09,273,3.516701
2022-09-09,365,3.695602
2022-09-09,547,3.875557
2022-09-09,730,3.872284
2022-09-12,10,2.617319
2022-09-12,30,2.711042
2022-09-12,60,2.84376
2022-09-12,91,2.971234
2022-09-12,122,3.089163
2022-09-12,152,3.194471
2022-09-12,182,3.29137
2022-09-12,273,3.536527
2022-09-12,365,3.715564
2022-09-12,547,3.895155
2022-09-12,730,3.890896
2022-09-13,10,2.63
2022-09-13,30,2.72484
2022-09-13,60,2.85913
2022-09-13,91,2.988098
2022-09-13,122,3.107393
2022-09-13,152,3.213905
2022-09-13,182,3.311897
2022-09-13,273,3.559718
2022-09-13,365,3.740544
2022-09-13,547,3.921405
2022-09-13,730,3.916097
2022-09-14,10,2.646141
2022-09-14,30,2.742192
2022-09-14,60,2.87818
2022-09-14,91,3.008758
2022-09-14,122,3.129521
2022-09-14,152,3.237324
2022-09-14,182,3.33648
2022-09-14,273,3.587118
2022-09-14,365,3.769783
2022-09-14,547,3.951773
2022-09-14,730,3.945021
2022-09-15,10,2.669984
2022-09-15,30,2.766682
2022-09-15,60,2.903572
2022-09-15,91,3.034999
2022-09-15,122,3.15653
2022-09-15,152,3.265
2022-09-15,182,3.364752
2022-09-15,273,3.616783
2022-09-15,365,3.800279
2022-09-15,547,3.982469
2022-09-15,730,3.974446
2022-09-16,10,2.687695
2022-09-16,30,2.785683
2022-09-16,60,2.924386
2022-09-16,91,3.057535
2022-09-16,122,3.18064
2022-09-16,152,3.290497
2022-09-16,182,3.391505
2022-09-16,273,3.646595
2022-09-16,365,3.832128
2022-09-16,547,4.015711
2022-09-16,730,4.006367
2022-09-19,10,2.70884
2022-09-19,30,2.807825
2022-09-19,60,2.947928
2022-09-19,91,3.082404
2022-09-19,122,3.20672
2022-09-19,152,3.317641
2022-09-19,182,3.419612
2022-09-19,273,3.677029
2022-09-19,365,3.86409
2022-09-19,547,4.048627
2022-09-19,730,4.03812
2022-09-20,10,2.727007
2022-09-20,30,2.827064
2022-09-20,60,2.968677
2022-09-20,91,3.104594
2022-09-20,122,3.230233
2022-09-20,152,3.342324
2022-09-20,182,3.445362
2022-09-20,273,3.70542
2022-09-20,365,3.894309
2022-09-20,547,4.080365
2022-09-20,730,4.06922
2022-09-21,10,2.744025
2022-09-21,30,2.845304
2022-09-21,60,2.988639
2022-09-21,91,3.1262
2022-09-21,122,3.25335
2022-09-21,152,3.366782
2022-09-21,182,3.471043
2022-09-21,273,3.734134
2022-09-21,365,3.925143
2022-09-21,547,4.113021
2022-09-21,730,4.101257
2022-09-22,10,2.759425
2022-09-22,30,2.862142
2022-09-22,60,3.007509
2022-09-22,91,3.147019
2022-08-31,10,2.513245
2022-08-31,30,2.604684
2022-08-31,60,2.734194
2022-08-31,91,2.858618
2022-08-31,122,2.973761
2022-08-31,152,3.076613
2022-08-31,182,3.171287
2022-08-31,273,3.411022
2022-08-31,365,3.586442
2022-08-31,547,3.76354
2022-08-31,730,3.76159
2022-09-01,10,2.531066
2022-09-01,30,2.622549
2022-09-01,60,2.752124
2022-09-01,91,2.876615
2022-09-01,122,2.991822
2022-09-01,152,3.094736
2022-09-01,182,3.18947
2022-09-01,273,3.429379
2022-09-01,365,3.604958
2022-09-01,547,3.782307
2022-09-01,730,3.780501
2022-09-02,10,2.537129
2022-09-02,30,2.629483
2022-09-02,60,2.760293
2022-09-02,91,2.885972
2022-09-02,122,3.002281
2022-09-02,152,3.106182
2022-09-02,182,3.201826
2022-09-02,273,3.444054
2022-09-02,365,3.621355
2022-09-02,547,3.800535
2022-09-02,730,3.798908
2022-09-06,10,2.548994
2022-09-06,30,2.641918
2022-09-06,60,2.773536
2022-09-06,91,2.899989
2022-09-06,122,3.017014
2022-09-06,152,3.121554
2022-09-06,182,3.217786
2022-09-06,273,3.461498
2022-09-06,365,3.63988
2022-09-06,547,3.820142
2022-09-06,730,3.818499
2022-09-07,10,2.567384
2022-09-07,30,2.660289
2022-09-07,60,2.791876
2022-09-07,91,2.918295
2022-09-07,122,3.035283
2022-09-07,152,3.139785
2022-09-07,182,3.235976
2022-09-07,273,3.479555
2022-09-07,365,3.657787
2022-09-07,547,3.837722
2022-09-07,730,3.835731
2022-09-08,10,2.5875
2022-09-08,30,2.680268
2022-09-08,60,2.811655
2022-09-08,91,2.937875
2022-09-08,122,3.05467
2022-09-08,152,3.158992
2022-09-08,182,3.255009
2022-09-08,273,3.498096
2022-09-08,365,3.675885
2022-09-08,547,3.855088
2022-09-08,730,3.852539
2022-09-09,10,2.599457
2022-09-09,30,2.692936
2022-09-09,60,2.825321
2022-09-09,91,2.952488
2022-09-09,122,3.070149
2022-09-09,152,3.175232
2022-09-09,182,3.271939
2022-09-29,730,4.296868
2022-09-30,10,2.843575
2022-09-30,30,2.952625
2022-09-30,60,3.10702
2022-09-30,91,3.25528
2022-09-30,122,3.392406
2022-09-30,152,3.514825
2022-09-30,182,3.627437
2022-09-30,273,3.912177
2022-09-30,365,4.119877
2022-09-30,547,4.327619
2022-09-30,730,4.321953
2022-10-03,10,2.867146
2022-10-03,30,2.975864
2022-10-03,60,3.129795
2022-10-03,91,3.277613
2022-10-03,122,3.414336
2022-10-03,152,3.5364
2022-10-03,182,3.648692
2022-10-03,273,3.932657
2022-10-03,365,4.139854
2022-10-03,547,4.347316
2022-10-03,730,4.342135
2022-10-04,10,2.892157
2022-10-04,30,3.000399
2022-10-04,60,3.153651
2022-10-04,91,3.300813
2022-10-04,122,3.436922
2022-10-04,152,3.558434
2022-10-04,182,3.670212
2022-10-04,273,3.952843
2022-10-04,365,4.159015
2022-10-04,547,4.365281
2022-10-04,730,4.359814
2022-10-05,10,2.918456
2022-10-05,30,3.02608
2022-10-05,60,3.178451
2022-10-05,91,3.324758
2022-10-05,122,3.46007
2022-10-05,152,3.580861
2022-10-05,182,3.691968
2022-10-05,273,3.972855
2022-10-05,365,4.177674
2022-10-05,547,4.382329
2022-10-05,730,4.376403
2022-10-06,10,2.940267
2022-10-06,30,3.047651
2022-10-06,60,3.199677
2022-10-06,91,3.345647
2022-10-06,122,3.480642
2022-10-06,152,3.601144
2022-10-06,182,3.711979
2022-10-06,273,3.992145
2022-10-06,365,4.196384
2022-10-06,547,4.400293
2022-10-06,730,4.394083
2022-10-07,10,2.961055
2022-10-07,30,3.068498
2022-10-07,60,3.220607
2022-10-07,91,3.366655
2022-10-07,122,3.501719
2022-10-07,152,3.622281
2022-10-07,182,3.73317
2022-10-07,273,4.013457
2022-10-07,365,4.217767
2022-10-07,547,4.421695
2022-10-07,730,4.415404
2022-10-10,10,2.981162
2022-10-10,30,3.0887
2022-10-10,60,3.240942
2022-10-10,91,3.387119
2022-10-10,122,3.522302
2022-10-10,152,3.642971
2022-10-10,182,3.75396
2022-10-10,273,4.034505
2022-10-10,365,4.239016
2022-10-10,547,4.443201
2022-10-10,730,4.437044
2022-10-11,10,3.003813
2022-10-11,30,3.11119
2022-10-11,60,3.263207
2022-10-11,91,3.409172
2022-10-11,122,3.544164
2022-10-11,152,3.664666
2022-10-11,182,3.775506
2022-10-11,273,4.055702
2022-10-11,365,4.260005
2022-10-11,547,4.464148
2022-10-11,730,4.458336
2022-10-12,10,3.025876
2022-10-12,30,3.132996
2022-10-12,60,3.284652
2022-10-12,91,3.430271
2022-10-12,122,3.564945
2022-10-12,152,3.685165
2022-10-12,182,3.795747
2022-10-12,273,4.075303
2022-10-12,365,4.27916
2022-10-12,547,4.482939
2022-10-12,730,4.477322
2022-10-13,10,3.04924
2022-10-13,30,3.156208
2022-10-13,60,3.30765
2022-10-13,91,3.453066
2022-10-13,122,3.587554
2022-10-13,152,3.707611
2022-10-13,182,3.818045
2022-10-13,273,4.097244
2022-10-13,365,4.300865
2022-10-13,547,4.504491
2022-10-13,730,4.499044
2022-10-14,10,3.066228
2022-10-14,30,3.173916
2022-10-14,60,3.326373
2022-10-14,91,3.472759
2022-10-14,122,3.60814
2022-10-14,152,3.728988
2022-10-14,182,3.840145
2022-10-14,273,4.121143
2022-10-14,365,4.326032
2022-10-14,547,4.530797
2022-10-14,730,4.525097
2022-10-17,10,3.087414
2022-10-17,30,3.195631
2022-10-17,60,3.348828
2022-10-17,91,3.495913
2022-10-17,122,3.631928
2022-10-17,152,3.753332
2022-10-17,182,3.864988
2022-10-17,273,4.147175
2022-10-17,365,4.352817
2022-10-17,547,4.55796
2022-10-17,730,4.551532
2022-10-18,10,3.101407
2022-10-18,30,3.211137
2022-10-18,60,3.366451
2022-10-18,91,3.515535
2022-10-18,122,3.653364
2022-10-18,152,3.776352
2022-10-18,182,3.889431
2022-10-18,273,4.175007
2022-10-18,365,4.382784
2022-10-18,547,4.588985
2022-10-18,730,4.580477
2022-10-19,10,3.119805
2022-10-19,30,3.230949
2022-10-19,60,3.388229
2022-10-19,91,3.539157
2022-10-19,122,3.678644
2022-10-19,152,3.803068
2022-10-19,182,3.917422
2022-10-19,273,4.205942
2022-10-19,365,4.415418
2022-10-19,547,4.621868
2022-10-19,730,4.610574
2022-10-20,10,3.12931
2022-10-20,30,3.242678
2022-10-20,60,3.403071
2022-10-20,91,3.55694
2022-10-20,122,3.6991
2022-10-20,152,3.825862
2022-10-20,182,3.942319
2022-10-20,273,4.235868
2022-10-20,365,4.448553
2022-10-20,547,4.656756
2022-10-20,730,4.64268
2022-10-21,10,3.144673
2022-10-21,30,3.259602
2022-10-21,60,3.422158
2022-10-21,91,3.578043
2022-10-21,122,3.722004
2022-10-21,152,3.850313
2022-10-21,182,3.96813
2022-10-21,273,4.264742
2022-10-21,365,4.479058
2022-10-21,547,4.686959
2022-10-21,730,4.669223
2022-10-24,10,3.154877
2022-10-24,30,3.271699
2022-10-24,60,3.436883
2022-10-24,91,3.595225
2022-10-24,122,3.74139
2022-10-24,152,3.8716
2022-10-24,182,3.991098
2022-10-24,273,4.291549
2022-10-24,365,4.508011
2022-10-24,547,4.715972
2022-10-24,730,4.694292
2022-10-25,10,3.162945
2022-10-25,30,3.281764
2022-10-25,60,3.449717
2022-10-25,91,3.610646
2022-10-25,122,3.759128
2022-10-25,152,3.891332
2022-10-25,182,4.012591
2022-10-25,273,4.317043
2022-10-25,365,4.5357
2022-10-25,547,4.74354
2022-10-25,730,4.717461
2022-10-26,10,3.163529
2022-10-26,30,3.28475
2022-10-26,60,3.456044
2022-10-26,91,3.620106
2022-10-26,122,3.771406
2022-10-26,152,3.90605
2022-10-26,182,4.029474
2022-10-26,273,4.33893
2022-10-26,365,4.56048
2022-10-26,547,4.768795
2022-10-26,730,4.738112
2022-10-27,10,3.160631
2022-10-27,30,3.284418
2022-10-27,60,3.459282
2022-10-27,91,3.626687
2022-10-27,122,3.780994
2022-10-27,152,3.918237
2022-10-27,182,4.043967
2022-10-27,273,4.358735
2022-10-27,365,4.58333
2022-10-27,547,4.792018
2022-10-27,730,4.756228
2022-10-28,10,3.162025
2022-10-28,30,3.287872
2022-10-28,60,3.46559
2022-10-28,91,3.635659
2022-10-28,122,3.792347
2022-10-28,152,3.931637
2022-10-28,182,4.059169
2022-10-28,273,4.378004
2022-10-28,365,4.604776
2022-10-28,547,4.813095
2022-10-28,730,4.772432
2022-10-31,10,3.16061
2022-10-31,30,3.288846
2022-10-31,60,3.469886
2022-10-31,91,3.643066
2022-10-31,122,3.80255
2022-10-31,152,3.944256
2022-10-31,182,4.073932
2022-10-31,273,4.397696
2022-10-31,365,4.627279
2022-10-31,547,4.835881
2022-10-31,730,4.790372
2022-11-01,10,3.163542
2022-11-01,30,3.293781
2022-11-01,60,3.477602
2022-11-01,91,3.653384
2022-11-01,122,3.815204
2022-11-01,152,3.958926
2022-11-01,182,4.090384
2022-11-01,273,4.418226
2022-11-01,365,4.650092
2022-11-01,547,4.858742
2022-11-01,730,4.808948
2022-11-02,10,3.160315
2022-11-02,30,3.293067
2022-11-02,60,3.480404
2022-11-02,91,3.659507
2022-11-02,122,3.824342
2022-11-02,152,3.9707
2022-11-02,182,4.104528
2022-11-02,273,4.438023
2022-11-02,365,4.67347
2022-11-02,547,4.88397
2022-11-02,730,4.83084
2022-11-03,10,3.166479
2022-11-03,30,3.300975
2022-11-03,60,3.490744
2022-11-03,91,3.672136
2022-11-03,122,3.839037
2022-11-03,152,3.987192
2022-11-03,182,4.122623
2022-11-03,273,4.459876
2022-11-03,365,4.697586
2022-11-03,547,4.90881
2022-11-03,730,4.852715
2022-11-04,10,3.177349
2022-11-04,30,3.313085
2022-11-04,60,3.504576
2022-11-04,91,3.687579
2022-11-04,122,3.855929
2022-11-04,152,4.005333
2022-11-04,182,4.141872
2022-11-04,273,4.481663
2022-11-04,365,4.720805
2022-11-04,547,4.9321
2022-11-04,730,4.873389
2022-11-07,10,3.196862
2022-11-07,30,3.333117
2022-11-07,60,3.525314
2022-11-07,91,3.708956
2022-11-07,122,3.877855
2022-11-07,152,4.027711
2022-11-07,182,4.164624
2022-11-07,273,4.505116
2022-11-07,365,4.744367
2022-11-07,547,4.954459
2022-11-07,730,4.893227
2022-11-08,10,3.210036
2022-11-08,30,3.347307
2022-11-08,60,3.540909
2022-11-08,91,3.725861
2022-11-08,122,3.89593
2022-11-08,152,4.046789
2022-11-08,182,4.184584
2022-11-08,273,4.527052
2022-11-08,365,4.767336
2022-11-08,547,4.977131
2022-11-08,730,4.913333
2022-11-09,10,3.230098
2022-11-09,30,3.367689
2022-11-09,60,3.561708
2022-11-09,91,3.747012
2022-11-09,122,3.917357
2022-11-09,152,4.068414
2022-11-09,182,4.206341
2022-11-09,273,4.548841
2022-11-09,365,4.78866
2022-11-09,547,4.996393
2022-11-09,730,4.929551
2022-11-10,10,3.256488
2022-11-10,30,3.39348
2022-11-10,60,3.586605
2022-11-10,91,3.770991
2022-11-10,122,3.940426
2022-11-10,152,4.090608
2022-11-10,182,4.227668
2022-11-10,273,4.567594
2022-11-10,365,4.804909
2022-11-10,547,5.008064
2022-11-10,730,4.937257
2022-11-11,10,3.276391
2022-11-11,30,3.413206
2022-11-11,60,3.606025
2022-11-11,91,3.790048
2022-11-11,122,3.959071
2022-11-11,152,4.108815
2022-11-11,182,4.245398
2022-11-11,273,4.583663
2022-11-11,365,4.819027
2022-11-11,547,5.017785
2022-11-11,730,4.942282
2022-11-14,10,3.304144
2022-11-14,30,3.440045
2022-11-14,60,3.631513
2022-11-14,91,3.814165
2022-11-14,122,3.981846
2022-11-14,152,4.130317
2022-11-14,182,4.265652
2022-11-14,273,4.600294
2022-11-14,365,4.832247
2022-11-14,547,5.025023
2022-11-14,730,4.944576
2022-11-15,10,3.332056
2022-11-15,30,3.466966
2022-11-15,60,3.656969
2022-11-15,91,3.838134
2022-11-15,122,4.004354
2022-11-15,152,4.151436
2022-11-15,182,4.285409
2022-11-15,273,4.61608
2022-11-15,365,4.844272
2022-11-15,547,5.0304
2022-11-15,730,4.9444
2022-11-16,10,3.36026
2022-11-16,30,3.494219
2022-11-16,60,3.682803
2022-11-16,91,3.862511
2022-11-16,122,4.027284
2022-11-16,152,4.172976
2022-11-16,182,4.305572
2022-11-16,273,4.632147
2022-11-16,365,4.85635
2022-11-16,547,5.035152
2022-11-16,730,4.942739
2022-11-17,10,3.389804
2022-11-17,30,3.522818
2022-11-17,60,3.709989
2022-11-17,91,3.888246
2022-11-17,122,4.051578
2022-11-17,152,4.195886
2022-11-17,182,4.327109
2022-11-17,273,4.649599
2022-11-17,365,4.869815
2022-11-17,547,5.041269
2022-11-17,730,4.942381
2022-11-18,10,3.416868
2022-11-18,30,3.549155
2022-11-18,60,3.735233
2022-11-18,91,3.912357
2022-11-18,122,4.074555
2022-11-18,152,4.217766
2022-11-18,182,4.347892
2022-11-18,273,4.667075
2022-11-18,365,4.883997
2022-11-18,547,5.049206
2022-11-18,730,4.9446
2022-11-21,10,3.446577
2022-11-21,30,3.577979
2022-11-21,60,3.762744
2022-11-21,91,3.938529
2022-11-21,122,4.099407
2022-11-21,152,4.241359
2022-11-21,182,4.370245
2022-11-21,273,4.68578
2022-11-21,365,4.899201
2022-11-21,547,5.058084
2022-11-21,730,4.947997
2022-11-22,10,3.476187
2022-11-22,30,3.60682
2022-11-22,60,3.790431
2022-11-22,91,3.965024
2022-11-22,122,4.124711
2022-11-22,152,4.265513
2022-11-22,182,4.393252
2022-11-22,273,4.70534
2022-11-22,365,4.915345
2022-11-22,547,5.067783
2022-11-22,730,4.951826
2022-11-23,10,3.511646
2022-11-23,30,3.640994
2022-11-23,60,3.822719
2022-11-23,91,3.995415
2022-11-23,122,4.153259
2022-11-23,152,4.292326
2022-11-23,182,4.418378
2022-11-23,273,4.72564
2022-11-23,365,4.931199
2022-11-23,547,5.076069
2022-11-23,730,4.954054
2022-11-25,10,3.55658
2022-11-25,30,3.683555
2022-11-25,60,3.861862
2022-11-25,91,4.031202
2022-11-25,122,4.185861
2022-11-25,152,4.322007
2022-11-25,182,4.445292
2022-11-25,273,4.745057
2022-11-25,365,4.944316
2022-11-25,547,5.080049
2022-11-25,730,4.952523
2022-11-28,10,3.598583
2022-11-28,30,3.723404
2022-11-28,60,3.898604
2022-11-28,91,4.064884
2022-11-28,122,4.216634
2022-11-28,152,4.350104
2022-11-28,182,4.470847
2022-11-28,273,4.763683
2022-11-28,365,4.957057
2022-11-28,547,5.084077
2022-11-28,730,4.951058
2022-11-29,10,3.637916
2022-11-29,30,3.760842
2022-11-29,60,3.9333
2022-11-29,91,4.096871
2022-11-29,122,4.246036
2022-11-29,152,4.377121
2022-11-29,182,4.495588
2022-11-29,273,4.782171
2022-11-29,365,4.970157
2022-11-29,547,5.088979
2022-11-29,730,4.950509
2022-11-30,10,3.66447
2022-11-30,30,3.786595
2022-11-30,60,3.957852
2022-11-30,91,4.120188
2022-11-30,122,4.268123
2022-11-30,152,4.398022
2022-11-30,182,4.515312
2022-11-30,273,4.79837
2022-11-30,365,4.98289
2022-11-30,547,5.095238
2022-11-30,730,4.95094
2022-12-01,10,3.692022
2022-12-01,30,3.813129
2022-12-01,60,3.982873
2022-12-01,91,4.143662
2022-12-01,122,4.290069
2022-12-01,152,4.418509
2022-12-01,182,4.534356
2022-12-01,273,4.813162
2022-12-01,365,4.99358
2022-12-01,547,5.098474
2022-12-01,730,4.947684
2022-12-02,10,3.717668
2022-12-02,30,3.837979
2022-12-02,60,4.006516
2022-12-02,91,4.16604
2022-12-02,122,4.311168
2022-12-02,152,4.438358
2022-12-02,182,4.552945
2022-12-02,273,4.827885
2022-12-02,365,5.004368
2022-12-02,547,5.101598
2022-12-02,730,4.943601
2022-12-05,10,3.737688
2022-12-05,30,3.857713
2022-12-05,60,4.025766
2022-12-05,91,4.184728
2022-12-05,122,4.329231
2022-12-05,152,4.45576
2022-12-05,182,4.569637
2022-12-05,273,4.842137
2022-12-05,365,5.015789
2022-12-05,547,5.106694
2022-12-05,730,4.941947
2022-12-06,10,3.758363
2022-12-06,30,3.877778
2022-12-06,60,4.044898
2022-12-06,91,4.202873
2022-12-06,122,4.346371
2022-12-06,152,4.47191
2022-12-06,182,4.584781
2022-12-06,273,4.85416
2022-12-06,365,5.024587
2022-12-06,547,5.109105
2022-12-06,730,4.93827
2022-12-07,10,3.77562
2022-12-07,30,3.894608
2022-12-07,60,4.061052
2022-12-07,91,4.218286
2022-12-07,122,4.361
2022-12-07,152,4.485744
2022-12-07,182,4.597787
2022-12-07,273,4.864472
2022-12-07,365,5.031952
2022-12-07,547,5.11026
2022-12-07,730,4.933136
2022-12-08,10,3.801655
2022-12-08,30,3.91941
2022-12-08,60,4.084037
2022-12-08,91,4.239432
2022-12-08,122,4.380348
2022-12-08,152,4.50339
2022-12-08,182,4.613768
2022-12-08,273,4.875637
2022-12-08,365,5.038608
2022-12-08,547,5.109083
2022-12-08,730,4.92557
2022-12-09,10,3.831972
2022-12-09,30,3.947929
2022-12-09,60,4.109943
2022-12-09,91,4.262746
2022-12-09,122,4.401176
2022-12-09,152,4.521913
2022-12-09,182,4.630082
2022-12-09,273,4.885819
2022-12-09,365,5.04342
2022-12-09,547,5.105514
2022-12-09,730,4.916221
2022-12-12,10,3.86059
2022-12-12,30,3.975041
2022-12-12,60,4.134868
2022-12-12,91,4.285501
2022-12-12,122,4.42185
2022-12-12,152,4.540655
2022-12-12,182,4.646973
2022-12-12,273,4.897567
2022-12-12,365,5.050653
2022-12-12,547,5.105647
2022-12-12,730,4.911352
2022-12-13,10,3.882144
2022-12-13,30,3.995407
2022-12-13,60,4.153504
2022-12-13,91,4.302408
2022-12-13,122,4.43709
2022-12-13,152,4.55434
2022-12-13,182,4.659157
2022-12-13,273,4.90553
2022-12-13,365,5.054833
2022-12-13,547,5.103674
2022-12-13,730,4.904805
2022-12-14,10,3.892165
2022-12-14,30,4.00507
2022-12-14,60,4.16261
2022-12-14,91,4.310914
2022-12-14,122,4.444972
2022-12-14,152,4.561597
2022-12-14,182,4.665771
2022-12-14,273,4.910094
2022-12-14,365,5.057206
2022-12-14,547,5.10155
2022-12-14,730,4.898233
2022-12-15,10,3.896033
2022-12-15,30,4.009303
2022-12-15,60,4.167296
2022-12-15,91,4.315957
2022-12-15,122,4.450263
2022-12-15,152,4.567028
2022-12-15,182,4.671249
2022-12-15,273,4.915186
2022-12-15,365,5.061199
2022-12-15,547,5.101748
2022-12-15,730,4.893262
2022-12-16,10,3.895834
2022-12-16,30,4.009572
2022-12-16,60,4.168169
2022-12-16,91,4.317334
2022-12-16,122,4.452028
2022-12-16,152,4.569061
2022-12-16,182,4.67345
2022-12-16,273,4.91733
2022-12-16,365,5.062519
2022-12-16,547,5.099683
2022-12-16,730,4.886299
2022-12-19,10,3.90804
2022-12-19,30,4.02106
2022-12-19,60,4.178587
2022-12-19,91,4.326656
2022-12-19,122,4.460264
2022-12-19,152,4.576259
2022-12-19,182,4.67962
2022-12-19,273,4.920463
2022-12-19,365,5.062722
2022-12-19,547,5.094589
2022-12-19,730,4.876696
2022-12-20,10,3.92031
2022-12-20,30,4.032578
2022-12-20,60,4.188988
2022-12-20,91,4.33592
2022-12-20,122,4.468408
2022-12-20,152,4.583335
2022-12-20,182,4.685645
2022-12-20,273,4.923412
2022-12-20,365,5.062743
2022-12-20,547,5.089434
2022-12-20,730,4.867282
2022-12-21,10,3.935589
2022-12-21,30,4.046806
2022-12-21,60,4.201681
2022-12-21,91,4.347076
2022-12-21,122,4.478078
2022-12-21,152,4.591614
2022-12-21,182,4.692582
2022-12-21,273,4.926557
2022-12-21,365,5.062481
2022-12-21,547,5.083649
2022-12-21,730,4.857509
2022-12-22,10,3.946967
2022-12-22,30,4.057605
2022-12-22,60,4.211613
2022-12-22,91,4.356114
2022-12-22,122,4.486225
2022-12-22,152,4.598904
2022-12-22,182,4.699018
2022-12-22,273,4.930447
2022-12-22,365,5.063884
2022-12-22,547,5.080505
2022-12-22,730,4.850489
2022-12-23,10,3.959999
2022-12-23,30,4.069832
2022-12-23,60,4.22266
2022-12-23,91,4.365978
2022-12-23,122,4.494943
2022-12-23,152,4.606548
2022-12-23,182,4.705622
2022-12-23,273,4.934106
2022-12-23,365,5.064881
2022-12-23,547,5.077161
2022-12-23,730,4.843999
2022-12-27,10,3.976057
2022-12-27,30,4.084961
2022-12-27,60,4.236439
2022-12-27,91,4.378417
2022-12-27,122,4.506095
2022-12-27,152,4.616506
2022-12-27,182,4.714437
2022-12-27,273,4.939745
2022-12-27,365,5.067747
2022-12-27,547,5.07576
2022-12-27,730,4.839812
2022-12-28,10,3.987105
2022-12-28,30,4.095517
2022-12-28,60,4.246263
2022-12-28,91,4.387495
2022-12-28,122,4.514439
2022-12-28,152,4.62415
2022-12-28,182,4.721392
2022-12-28,273,4.944689
2022-12-28,365,5.070787
2022-12-28,547,5.075488
2022-12-28,730,4.836929
2022-12-29,10,3.994993
2022-12-29,30,4.103194
2022-12-29,60,4.253609
2022-12-29,91,4.394478
2022-12-29,122,4.521039
2022-12-29,152,4.630364
2022-12-29,182,4.727204
2022-12-29,273,4.94921
2022-12-29,365,5.073921
2022-12-29,547,5.075805
2022-12-29,730,4.834595
2022-12-30,10,3.997328
2022-12-30,30,4.10589
2022-12-30,60,4.256782
2022-12-30,91,4.398065
2022-12-30,122,4.524965
2022-12-30,152,4.634547
2022-12-30,182,4.73158
2022-12-30,273,4.953803
2022-12-30,365,5.078245
2022-12-30,547,5.078494
2022-12-30,730,4.834756
2023-01-03,10,4.002951
2023-01-03,30,4.111739
2023-01-03,60,4.26291
2023-01-03,91,4.404409
2023-01-03,122,4.531454
2023-01-03,152,4.641112
2023-01-03,182,4.738162
2023-01-03,273,4.960102
2023-01-03,365,5.083813
2023-01-03,547,5.081657
2023-01-03,730,4.834797
2023-01-04,10,4.012935
2023-01-04,30,4.121626
2023-01-04,60,4.272607
2023-01-04,91,4.413859
2023-01-04,122,4.540607
2023-01-04,152,4.649935
2023-01-04,182,4.746614
2023-01-04,273,4.967208
2023-01-04,365,5.089282
2023-01-04,547,5.083363
2023-01-04,730,4.832524
2023-01-05,10,4.024954
2023-01-05,30,4.133281
2023-01-05,60,4.283702
2023-01-05,91,4.424357
2023-01-05,122,4.550494
2023-01-05,152,4.659216
2023-01-05,182,4.755278
2023-01-05,273,4.973945
2023-01-05,365,5.094021
2023-01-05,547,5.084178
2023-01-05,730,4.829727
2023-01-06,10,4.029066
2023-01-06,30,4.137603
2023-01-06,60,4.288276
2023-01-06,91,4.429115
2023-01-06,122,4.555359
2023-01-06,152,4.664118
2023-01-06,182,4.760152
2023-01-06,273,4.978379
2023-01-06,365,5.097537
2023-01-06,547,5.084847
2023-01-06,730,4.826764
2023-01-09,10,4.02697
2023-01-09,30,4.13615
2023-01-09,60,4.287685
2023-01-09,91,4.429289
2023-01-09,122,4.556178
2023-01-09,152,4.665449
2023-01-09,182,4.761892
2023-01-09,273,4.980765
2023-01-09,365,5.099777
2023-01-09,547,5.084943
2023-01-09,730,4.823098
2023-01-10,10,4.023764
2023-01-10,30,4.133706
2023-01-10,60,4.286267
2023-01-10,91,4.428789
2023-01-10,122,4.556457
2023-01-10,152,4.666355
2023-01-10,182,4.763305
2023-01-10,273,4.983041
2023-01-10,365,5.102006
2023-01-10,547,5.084949
2023-01-10,730,4.819001
2023-01-11,10,4.02617
2023-01-11,30,4.136303
2023-01-11,60,4.289081
2023-01-11,91,4.431742
2023-01-11,122,4.559467
2023-01-11,152,4.669346
2023-01-11,182,4.766206
2023-01-11,273,4.985281
2023-01-11,365,5.103061
2023-01-11,547,5.082536
2023-01-11,730,4.812281
2023-01-12,10,4.027081
2023-01-12,30,4.137386
2023-01-12,60,4.290352
2023-01-12,91,4.433126
2023-01-12,122,4.56088
2023-01-12,152,4.670715
2023-01-12,182,4.767462
2023-01-12,273,4.985812
2023-01-12,365,5.10235
2023-01-12,547,5.078265
2023-01-12,730,4.80362
2023-01-13,10,4.019412
2023-01-13,30,4.130532
2023-01-13,60,4.284604
2023-01-13,91,4.428376
2023-01-13,122,4.556991
2023-01-13,152,4.667531
2023-01-13,182,4.764865
2023-01-13,273,4.984309
2023-01-13,365,5.101026
2023-01-13,547,5.075118
2023-01-13,730,4.796684
2023-01-17,10,4.012191
2023-01-17,30,4.124116
2023-01-17,60,4.279278
2023-01-17,91,4.424036
2023-01-17,122,4.553499
2023-01-17,152,4.664732
2023-01-17,182,4.762639
2023-01-17,273,4.983146
2023-01-17,365,5.100014
2023-01-17,547,5.072245
2023-01-17,730,4.790009
2023-01-18,10,4.001566
2023-01-18,30,4.114548
2023-01-18,60,4.271154
2023-01-18,91,4.41723
2023-01-18,122,4.54784
2023-01-18,152,4.660029
2023-01-18,182,4.758745
2023-01-18,273,4.980871
2023-01-18,365,5.098235
2023-01-18,547,5.068755
2023-01-18,730,4.782345
2023-01-19,10,3.992984
2023-01-19,30,4.106844
2023-01-19,60,4.264638
2023-01-19,91,4.411784
2023-01-19,122,4.54331
2023-01-19,152,4.656245
2023-01-19,182,4.755574
2023-01-19,273,4.978808
2023-01-19,365,5.096268
2023-01-19,547,5.064581
2023-01-19,730,4.773818
2023-01-20,10,3.988362
2023-01-20,30,4.102632
2023-01-20,60,4.260957
2023-01-20,91,4.408549
2023-01-20,122,4.540423
2023-01-20,152,4.653603
2023-01-20,182,4.753093
2023-01-20,273,4.976337
2023-01-20,365,5.093163
2023-01-20,547,5.05877
2023-01-20,730,4.764091
2023-01-23,10,3.986922
2023-01-23,30,4.101323
2023-01-23,60,4.259791
2023-01-23,91,4.407467
2023-01-23,122,4.539361
2023-01-23,152,4.652504
2023-01-23,182,4.751903
2023-01-23,273,4.974575
2023-01-23,365,5.090433
2023-01-23,547,5.053281
2023-01-23,730,4.755227
2023-01-24,10,3.986373
2023-01-24,30,4.100908
2023-01-24,60,4.259523
2023-01-24,91,4.407286
2023-01-24,122,4.539205
2023-01-24,152,4.652315
2023-01-24,182,4.751629
2023-01-24,273,4.973747
2023-01-24,365,5.088655
2023-01-24,547,5.048784
2023-01-24,730,4.7474
2023-01-25,10,3.992458
2023-01-25,30,4.10644
2023-01-25,60,4.264233
2023-01-25,91,4.411156
2023-01-25,122,4.542246
2023-01-25,152,4.654564
2023-01-25,182,4.753096
2023-01-25,273,4.972917
2023-01-25,365,5.08563
2023-01-25,547,5.041863
2023-01-25,730,4.737278
2023-01-26,10,4.000908
2023-01-26,30,4.113956
2023-01-26,60,4.270396
2023-01-26,91,4.415981
2023-01-26,122,4.545792
2023-01-26,152,4.65693
2023-01-26,182,4.754336
2023-01-26,273,4.971063
2023-01-26,365,5.081117
2023-01-26,547,5.033366
2023-01-26,730,4.726294
2023-01-27,10,4.005373
2023-01-27,30,4.117679
2023-01-27,60,4.273048
2023-01-27,91,4.417576
2023-01-27,122,4.546381
2023-01-27,152,4.656592
2023-01-27,182,4.753118
2023-01-27,273,4.967442
2023-01-27,365,5.075462
2023-01-27,547,5.024765
2023-01-27,730,4.71602
2023-01-30,10,4.002546
2023-01-30,30,4.114823
2023-01-30,60,4.270125
2023-01-30,91,4.414559
2023-01-30,122,4.543243
2023-01-30,152,4.653315
2023-01-30,182,4.749679
2023-01-30,273,4.963404
2023-01-30,365,5.070677
2023-01-30,547,5.018259
2023-01-30,730,4.707737
2023-01-31,10,4.000247
2023-01-31,30,4.112301
2023-01-31,60,4.26727
2023-01-31,91,4.411362
2023-01-31,122,4.539707
2023-01-31,152,4.649453
2023-01-31,182,4.745496
2023-01-31,273,4.958274
2023-01-31,365,5.064648
2023-01-31,547,5.010679
2023-01-31,730,4.699012
2023-02-01,10,3.99827
2023-02-01,30,4.109912
2023-02-01,60,4.264283
2023-02-01,91,4.407781
2023-02-01,122,4.535558
2023-02-01,152,4.644778
2023-02-01,182,4.740318
2023-02-01,273,4.95171
2023-02-01,365,5.056895
2023-02-01,547,5.001182
2023-02-01,730,4.688548
2023-02-02,10,4.002871
2023-02-02,30,4.113537
2023-02-02,60,4.266512
2023-02-02,91,4.408651
2023-02-02,122,4.535151
2023-02-02,152,4.643211
2023-02-02,182,4.737666
2023-02-02,273,4.946195
2023-02-02,365,5.049102
2023-02-02,547,4.990504
2023-02-02,730,4.676792
2023-02-03,10,4.002904
2023-02-03,30,4.113161
2023-02-03,60,4.265546
2023-02-03,91,4.407106
2023-02-03,122,4.533058
2023-02-03,152,4.640617
2023-02-03,182,4.734598
2023-02-03,273,4.941856
2023-02-03,365,5.043721
2023-02-03,547,4.983733
2023-02-03,730,4.669438
2023-02-06,10,4.004192
2023-02-06,30,4.114231
2023-02-06,60,4.266304
2023-02-06,91,4.40756
2023-02-06,122,4.533228
2023-02-06,152,4.640529
2023-02-06,182,4.73427
2023-02-06,273,4.940903
2023-02-06,365,5.04229
2023-02-06,547,4.981782
2023-02-06,730,4.66749
2023-02-07,10,4.008895
2023-02-07,30,4.118663
2023-02-07,60,4.270356
2023-02-07,91,4.41125
2023-02-07,122,4.536585
2023-02-07,152,4.643594
2023-02-07,182,4.737069
2023-02-07,273,4.943055
2023-02-07,365,5.044014
2023-02-07,547,4.983248
2023-02-07,730,4.669348
2023-02-08,10,4.020237
2023-02-08,30,4.12941
2023-02-08,60,4.280259
2023-02-08,91,4.420344
2023-02-08,122,4.544932
2023-02-08,152,4.651275
2023-02-08,182,4.744138
2023-02-08,273,4.948584
2023-02-08,365,5.048433
2023-02-08,547,4.986615
2023-02-08,730,4.67288
2023-02-09,10,4.018485
2023-02-09,30,4.128395
2023-02-09,60,4.280291
2023-02-09,91,4.421381
2023-02-09,122,4.5469
2023-02-09,152,4.654075
2023-02-09,182,4.747706
2023-02-09,273,4.954111
2023-02-09,365,5.055425
2023-02-09,547,4.995242
2023-02-09,730,4.681908
2023-02-10,10,4.020481
2023-02-10,30,4.130801
2023-02-10,60,4.283288
2023-02-10,91,4.424961
2023-02-10,122,4.551036
2023-02-10,152,4.658724
2023-02-10,182,4.752843
2023-02-10,273,4.960586
2023-02-10,365,5.063053
2023-02-10,547,5.004639
2023-02-10,730,4.692535
2023-02-13,10,4.025407
2023-02-13,30,4.135975
2023-02-13,60,4.288828
2023-02-13,91,4.430873
2023-02-13,122,4.557312
2023-02-13,152,4.665346
2023-02-13,182,4.759805
2023-02-13,273,4.96854
2023-02-13,365,5.071951
2023-02-13,547,5.015238
2023-02-13,730,4.704633
2023-02-14,10,4.030691
2023-02-14,30,4.141682
2023-02-14,60,4.295152
2023-02-14,91,4.437814
2023-02-14,122,4.564848
2023-02-14,152,4.673437
2023-02-14,182,4.768432
2023-02-14,273,4.978679
2023-02-14,365,5.083452
2023-02-14,547,5.028991
2023-02-14,730,4.720127
2023-02-15,10,4.036689
2023-02-15,30,4.148146
2023-02-15,60,4.302298
2023-02-15,91,4.445642
2023-02-15,122,4.573336
2023-02-15,152,4.682543
2023-02-15,182,4.778136
2023-02-15,273,4.99008
2023-02-15,365,5.096396
2023-02-15,547,5.044512
2023-02-15,730,4.737673
2023-02-16,10,4.040529
2023-02-16,30,4.152753
2023-02-16,60,4.308011
2023-02-16,91,4.452444
2023-02-16,122,4.581174
2023-02-16,152,4.691335
2023-02-16,182,4.787833
2023-02-16,273,5.002246
2023-02-16,365,5.110662
2023-02-16,547,5.061901
2023-02-16,730,4.757057
2023-02-17,10,4.030905
2023-02-17,30,4.145336
2023-02-17,60,4.303726
2023-02-17,91,4.451175
2023-02-17,122,4.582704
2023-02-17,152,4.695374
2023-02-17,182,4.794193
2023-02-17,273,5.014548
2023-02-17,365,5.127438
2023-02-17,547,5.083698
2023-02-17,730,4.779976
2023-02-21,10,4.024774
2023-02-21,30,4.141157
2023-02-21,60,4.302322
2023-02-21,91,4.452449
2023-02-21,122,4.58647
2023-02-21,152,4.70138
2023-02-21,182,4.802275
2023-02-21,273,5.027984
2023-02-21,365,5.144963
2023-02-21,547,5.106001
2023-02-21,730,4.803664
2023-02-22,10,4.020632
2023-02-22,30,4.138908
2023-02-22,60,4.302759
2023-02-22,91,4.455479
2023-02-22,122,4.591911
2023-02-22,152,4.708986
2023-02-22,182,4.811886
2023-02-22,273,5.042759
2023-02-22,365,5.163668
2023-02-22,547,5.12926
2023-02-22,730,4.828193
2023-02-23,10,4.021735
2023-02-23,30,4.141353
2023-02-23,60,4.307119
2023-02-23,91,4.461693
2023-02-23,122,4.599859
2023-02-23,152,4.718499
2023-02-23,182,4.822858
2023-02-23,273,5.057536
2023-02-23,365,5.181422
2023-02-23,547,5.150718
2023-02-23,730,4.851096
2023-02-24,10,4.018037
2023-02-24,30,4.139409
2023-02-24,60,4.307674
2023-02-24,91,4.464667
2023-02-24,122,4.605093
2023-02-24,152,4.725773
2023-02-24,182,4.832032
2023-02-24,273,5.07166
2023-02-24,365,5.199411
2023-02-24,547,5.173479
2023-02-24,730,4.875661
2023-02-27,10,4.021403
2023-02-27,30,4.143888
2023-02-27,60,4.313749
2023-02-27,91,4.472301
2023-02-27,122,4.614195
2023-02-27,152,4.736213
2023-02-27,182,4.843731
2023-02-27,273,5.086716
2023-02-27,365,5.217207
2023-02-27,547,5.195027
2023-02-27,730,4.89919
2023-02-28,10,4.029339
2023-02-28,30,4.152811
2023-02-28,60,4.324078
2023-02-28,91,4.483993
2023-02-28,122,4.627161
2023-02-28,152,4.750331
2023-02-28,182,4.858922
2023-02-28,273,5.10471
2023-02-28,365,5.2374
2023-02-28,547,5.21797
2023-02-28,730,4.923228
2023-03-01,10,4.037696
2023-03-01,30,4.162168
2023-03-01,60,4.334861
2023-03-01,91,4.496158
2023-03-01,122,4.640618
2023-03-01,152,4.764954
2023-03-01,182,4.874632
2023-03-01,273,5.123259
2023-03-01,365,5.258174
2023-03-01,547,5.241524
2023-03-01,730,4.947886
2023-03-02,10,4.04861
2023-03-02,30,4.173758
2023-03-02,60,4.347424
2023-03-02,91,4.509674
2023-03-02,122,4.655035
2023-03-02,152,4.780195
2023-03-02,182,4.890652
2023-03-02,273,5.141378
2023-03-02,365,5.278039
2023-03-02,547,5.263885
2023-03-02,730,4.971726
2023-03-03,10,4.063265
2023-03-03,30,4.188674
2023-03-03,60,4.362727
2023-03-03,91,4.525371
2023-03-03,122,4.671121
2023-03-03,152,4.796652
2023-03-03,182,4.907473
2023-03-03,273,5.159271
2023-03-03,365,5.296962
2023-03-03,547,5.284672
2023-03-03,730,4.994144
2023-03-06,10,4.079197
2023-03-06,30,4.204747
2023-03-06,60,4.379013
2023-03-06,91,4.541879
2023-03-06,122,4.687853
2023-03-06,152,4.813603
2023-03-06,182,4.924646
2023-03-06,273,5.177119
2023-03-06,365,5.315496
2023-03-06,547,5.30455
2023-03-06,730,5.015307
2023-03-07,10,4.094194
2023-03-07,30,4.220362
2023-03-07,60,4.395501
2023-03-07,91,4.559205
2023-03-07,122,4.705954
2023-03-07,152,4.832395
2023-03-07,182,4.944073
2023-03-07,273,5.198156
2023-03-07,365,5.337718
2023-03-07,547,5.328021
2023-03-07,730,5.038943
2023-03-08,10,4.110651
2023-03-08,30,4.237532
2023-03-08,60,4.413672
2023-03-08,91,4.578327
2023-03-08,122,4.725946
2023-03-08,152,4.853153
2023-03-08,182,4.965526
2023-03-08,273,5.22131
2023-03-08,365,5.362027
2023-03-08,547,5.353243
2023-03-08,730,5.063746
2023-03-09,10,4.127117
2023-03-09,30,4.25464
2023-03-09,60,4.431675
2023-03-09,91,4.597174
2023-03-09,122,4.745554
2023-03-09,152,4.873424
2023-03-09,182,4.98639
2023-03-09,273,5.243568
2023-03-09,365,5.385136
2023-03-09,547,5.376683
2023-03-09,730,5.086211
2023-03-10,10,4.13937
2023-03-10,30,4.26733
2023-03-10,60,4.44496
2023-03-10,91,4.610998
2023-03-10,122,4.759844
2023-03-10,152,4.888099
2023-03-10,182,5.001385
2023-03-10,273,5.259177
2023-03-10,365,5.40088
2023-03-10,547,5.391557
2023-03-10,730,5.099204
2023-03-13,10,4.150991
2023-03-13,30,4.277487
2023-03-13,60,4.453038
2023-03-13,91,4.617068
2023-03-13,122,4.764046
2023-03-13,152,4.890622
2023-03-13,182,5.002353
2023-03-13,273,5.256146
2023-03-13,365,5.394823
2023-03-13,547,5.38212
2023-03-13,730,5.089175
2023-03-14,10,4.167775
2023-03-14,30,4.291964
2023-03-14,60,4.464237
2023-03-14,91,4.625109
2023-03-14,122,4.769155
2023-03-14,152,4.893102
2023-03-14,182,5.002403
2023-03-14,273,5.249978
2023-03-14,365,5.384
2023-03-14,547,5.366235
2023-03-14,730,5.072612
2023-03-15,10,4.181545
2023-03-15,30,4.302866
2023-03-15,60,4.471072
2023-03-15,91,4.62803
2023-03-15,122,4.768447
2023-03-15,152,4.889144
2023-03-15,182,4.995447
2023-03-15,273,5.235384
2023-03-15,365,5.363741
2023-03-15,547,5.340004
2023-03-15,730,5.04594
2023-03-16,10,4.194312
2023-03-16,30,4.312725
2023-03-16,60,4.476811
2023-03-16,91,4.629806
2023-03-16,122,4.766552
2023-03-16,152,4.883966
2023-03-16,182,4.987244
2023-03-16,273,5.219497
2023-03-16,365,5.342195
2023-03-16,547,5.312628
2023-03-16,730,5.018407
2023-03-17,10,4.20014
2023-03-17,30,4.315783
2023-03-17,60,4.475938
2023-03-17,91,4.625148
2023-03-17,122,4.758379
2023-03-17,152,4.872645
2023-03-17,182,4.973015
2023-03-17,273,5.197844
2023-03-17,365,5.315014
2023-03-17,547,5.279566
2023-03-17,730,4.98485
2023-03-20,10,4.210518
2023-03-20,30,4.322898
2023-03-20,60,4.478422
2023-03-20,91,4.623171
2023-03-20,122,4.752264
2023-03-20,152,4.862822
2023-03-20,182,4.959767
2023-03-20,273,5.175856
2023-03-20,365,5.286515
2023-03-20,547,5.244109
2023-03-20,730,4.948707
2023-03-21,10,4.219851
2023-03-21,30,4.329603
2023-03-21,60,4.481389
2023-03-21,91,4.622525
2023-03-21,122,4.748251
2023-03-21,152,4.855779
2023-03-21,182,4.949912
2023-03-21,273,5.158741
2023-03-21,365,5.263863
2023-03-21,547,5.215128
2023-03-21,730,4.918372
2023-03-22,10,4.228795
2023-03-22,30,4.336059
2023-03-22,60,4.484296
2023-03-22,91,4.621989
2023-03-22,122,4.744495
2023-03-22,152,4.849113
2023-03-22,182,4.940532
2023-03-22,273,5.142278
2023-03-22,365,5.241873
2023-03-22,547,5.186422
2023-03-22,730,4.887521
2023-03-23,10,4.236119
2023-03-23,30,4.340783
2023-03-23,60,4.485306
2023-03-23,91,4.619394
2023-03-23,122,4.738523
2023-03-23,152,4.840085
2023-03-23,182,4.928653
2023-03-23,273,5.122933
2023-03-23,365,5.21667
2023-03-23,547,5.154012
2023-03-23,730,4.852676
2023-03-24,10,4.243089
2023-03-24,30,4.345215
2023-03-24,60,4.486106
2023-03-24,91,4.616657
2023-03-24,122,4.732464
2023-03-24,152,4.83101
2023-03-24,182,4.916752
2023-03-24,273,5.103578
2023-03-24,365,5.191374
2023-03-24,547,5.121129
2023-03-24,730,4.816808
2023-03-27,10,4.253788
2023-03-27,30,4.353501
2023-03-27,60,4.490932
2023-03-27,91,4.618104
2023-03-27,122,4.730726
2023-03-27,152,4.826371
2023-03-27,182,4.909385
2023-03-27,273,5.088954
2023-03-27,365,5.170873
2023-03-27,547,5.092836
2023-03-27,730,4.785007
2023-03-28,10,4.266049
2023-03-28,30,4.363522
2023-03-28,60,4.497738
2023-03-28,91,4.621768
2023-03-28,122,4.731429
2023-03-28,152,4.824374
2023-03-28,182,4.904848
2023-03-28,273,5.07765
2023-03-28,365,5.154074
2023-03-28,547,5.068716
2023-03-28,730,4.757538
2023-03-29,10,4.279578
2023-03-29,30,4.374973
2023-03-29,60,4.506209
2023-03-29,91,4.627326
2023-03-29,122,4.734239
2023-03-29,152,4.82468
2023-03-29,182,4.902799
2023-03-29,273,5.069322
2023-03-29,365,5.140647
2023-03-29,547,5.048494
2023-03-29,730,4.734213
2023-03-30,10,4.294144
2023-03-30,30,4.387609
2023-03-30,60,4.516074
2023-03-30,91,4.634486
2023-03-30,122,4.738847
2023-03-30,152,4.826963
2023-03-30,182,4.902894
2023-03-30,273,5.063593
2023-03-30,365,5.13019
2023-03-30,547,5.031742
2023-03-30,730,4.714579
2023-03-31,10,4.308326
2023-03-31,30,4.399936
2023-03-31,60,4.525742
2023-03-31,91,4.641556
2023-03-31,122,4.743469
2023-03-31,152,4.829354
2023-03-31,182,4.903187
2023-03-31,273,5.058303
2023-03-31,365,5.120374
2023-03-31,547,5.015908
2023-03-31,730,4.695999
2023-04-03,10,4.320957
2023-04-03,30,4.411035
2023-04-03,60,4.534632
2023-04-03,91,4.64827
2023-04-03,122,4.748117
2023-04-03,152,4.832103
2023-04-03,182,4.904134
2023-04-03,273,5.054355
2023-04-03,365,5.112311
2023-04-03,547,5.001944
2023-04-03,730,4.678726
2023-04-04,10,4.334009
2023-04-04,30,4.422441
2023-04-04,60,4.543659
2023-04-04,91,4.654953
2023-04-04,122,4.752569
2023-04-04,152,4.8345
2023-04-04,182,4.904579
2023-04-04,273,5.049481
2023-04-04,365,5.102933
2023-04-04,547,4.986018
2023-04-04,730,4.658993
2023-04-05,10,4.347131
2023-04-05,30,4.433821
2023-04-05,60,4.552522
2023-04-05,91,4.661338
2023-04-05,122,4.756595
2023-04-05,152,4.836358
2023-04-05,182,4.904377
2023-04-05,273,5.043672
2023-04-05,365,5.092388
2023-04-05,547,4.968614
2023-04-05,730,4.637638
2023-04-06,10,4.354884
2023-04-06,30,4.440293
2023-04-06,60,4.557133
2023-04-06,91,4.6641
2023-04-06,122,4.757584
2023-04-06,152,4.835701
2023-04-06,182,4.902142
2023-04-06,273,5.037058
2023-04-06,365,5.081951
2023-04-06,547,4.952295
2023-04-06,730,4.617473
2023-04-10,10,4.366307
2023-04-10,30,4.450428
2023-04-10,60,4.565398
2023-04-10,91,4.670508
2023-04-10,122,4.762212
2023-04-10,152,4.838678
2023-04-10,182,4.903538
2023-04-10,273,5.034072
2023-04-10,365,5.075144
2023-04-10,547,4.939618
2023-04-10,730,4.600961
2023-04-11,10,4.379003
2023-04-11,30,4.461893
2023-04-11,60,4.575076
2023-04-11,91,4.678415
2023-04-11,122,4.76842
2023-04-11,152,4.843312
2023-04-11,182,4.906664
2023-04-11,273,5.033025
2023-04-11,365,5.070462
2023-04-11,547,4.929359
2023-04-11,730,4.587051
2023-04-12,10,4.401156
2023-04-12,30,4.482129
2023-04-12,60,4.592555
2023-04-12,91,4.693189
2023-04-12,122,4.780635
2023-04-12,152,4.853184
2023-04-12,182,4.914323
2023-04-12,273,5.034721
2023-04-12,365,5.067213
2023-04-12,547,4.919166
2023-04-12,730,4.573074
2023-04-13,10,4.419422
2023-04-13,30,4.498852
2023-04-13,60,4.607049
2023-04-13,91,4.705485
2023-04-13,122,4.790839
2023-04-13,152,4.861461
2023-04-13,182,4.920768
2023-04-13,273,5.036167
2023-04-13,365,5.064413
2023-04-13,547,4.910132
2023-04-13,730,4.560285
2023-04-14,10,4.431093
2023-04-14,30,4.509736
2023-04-14,60,4.616773
2023-04-14,91,4.714041
2023-04-14,122,4.798255
2023-04-14,152,4.867802
2023-04-14,182,4.926061
2023-04-14,273,5.038458
2023-04-14,365,5.063938
2023-04-14,547,4.905016
2023-04-14,730,4.551662
2023-04-17,10,4.441912
2023-04-17,30,4.520076
2023-04-17,60,4.626397
2023-04-17,91,4.722924
2023-04-17,122,4.806399
2023-04-17,152,4.875234
2023-04-17,182,4.932785
2023-04-17,273,5.043066
2023-04-17,365,5.066481
2023-04-17,547,4.903803
2023-04-17,730,4.547302
2023-04-18,10,4.451546
2023-04-18,30,4.529587
2023-04-18,60,4.635691
2023-04-18,91,4.731955
2023-04-18,122,4.81513
2023-04-18,152,4.883642
2023-04-18,182,4.94084
2023-04-18,273,5.049889
2023-04-18,365,5.071861
2023-04-18,547,4.905995
2023-04-18,730,4.546265
2023-04-19,10,4.460035
2023-04-19,30,4.538238
2023-04-19,60,4.644529
2023-04-19,91,4.74092
2023-04-19,122,4.824156
2023-04-19,152,4.892668
2023-04-19,182,4.949811
2023-04-19,273,5.058387
2023-04-19,365,5.079483
2023-04-19,547,4.911045
2023-04-19,730,4.548177
2023-04-20,10,4.468651
2023-04-20,30,4.546992
2023-04-20,60,4.653433
2023-04-20,91,4.74991
2023-04-20,122,4.833167
2023-04-20,152,4.901641
2023-04-20,182,4.958689
2023-04-20,273,5.066675
2023-04-20,365,5.086775
2023-04-20,547,4.915534
2023-04-20,730,4.549318
2023-04-21,10,4.47294
2023-04-21,30,4.551755
2023-04-21,60,4.658824
2023-04-21,91,4.755848
2023-04-21,122,4.839553
2023-04-21,152,4.90837
2023-04-21,182,4.965678
2023-04-21,273,5.07398
2023-04-21,365,5.093769
2023-04-21,547,4.920509
2023-04-21,730,4.551163
2023-04-24,10,4.478584
2023-04-24,30,4.557732
2023-04-24,60,4.665226
2023-04-24,91,4.762601
2023-04-24,122,4.84657
2023-04-24,152,4.915564
2023-04-24,182,4.972975
2023-04-24,273,5.081179
2023-04-24,365,5.100327
2023-04-24,547,4.924624
2023-04-24,730,4.551971
2023-04-25,10,4.482582
2023-04-25,30,4.561816
2023-04-25,60,4.669387
2023-04-25,91,4.766775
2023-04-25,122,4.850696
2023-04-25,152,4.919588
2023-04-25,182,4.976845
2023-04-25,273,5.084297
2023-04-25,365,5.102318
2023-04-25,547,4.923652
2023-04-25,730,4.547626
2023-04-26,10,4.487621
2023-04-26,30,4.566754
2023-04-26,60,4.674132
2023-04-26,91,4.771276
2023-04-26,122,4.854907
2023-04-26,152,4.923478
2023-04-26,182,4.980378
2023-04-26,273,5.086549
2023-04-26,365,5.103034
2023-04-26,547,4.920916
2023-04-26,730,4.541369
2023-04-27,10,4.495962
2023-04-27,30,4.574786
2023-04-27,60,4.681685
2023-04-27,91,4.778313
2023-04-27,122,4.86141
2023-04-27,152,4.929448
2023-04-27,182,4.985802
2023-04-27,273,5.090251
2023-04-27,365,5.104934
2023-04-27,547,4.919272
2023-04-27,730,4.536521
2023-04-28,10,4.501461
2023-04-28,30,4.580336
2023-04-28,60,4.687256
2023-04-28,91,4.78384
2023-04-28,122,4.866829
2023-04-28,152,4.934707
2023-04-28,182,4.990847
2023-04-28,273,5.094361
2023-04-28,365,5.107733
2023-04-28,547,4.918764
2023-04-28,730,4.532363
2023-05-01,10,4.508148
2023-05-01,30,4.587103
2023-05-01,60,4.694088
2023-05-01,91,4.790676
2023-05-01,122,4.873609
2023-05-01,152,4.941375
2023-05-01,182,4.997353
2023-05-01,273,5.100095
2023-05-01,365,5.112326
2023-05-01,547,4.920388
2023-05-01,730,4.530639
2023-05-02,10,4.513205
2023-05-02,30,4.5922
2023-05-02,60,4.699194
2023-05-02,91,4.795729
2023-05-02,122,4.878548
2023-05-02,152,4.946152
2023-05-02,182,5.001919
2023-05-02,273,5.103748
2023-05-02,365,5.114716
2023-05-02,547,4.919621
2023-05-02,730,4.526413
2023-05-03,10,4.521952
2023-05-03,30,4.600395
2023-05-03,60,4.70656
2023-05-03,91,4.802237
2023-05-03,122,4.8842
2023-05-03,152,4.950977
2023-05-03,182,5.005919
2023-05-03,273,5.105285
2023-05-03,365,5.113845
2023-05-03,547,4.914388
2023-05-03,730,4.517589
2023-05-04,10,4.52999
2023-05-04,30,4.607487
2023-05-04,60,4.712272
2023-05-04,91,4.806573
2023-05-04,122,4.887209
2023-05-04,152,4.95275
2023-05-04,182,5.006504
2023-05-04,273,5.102545
2023-05-04,365,5.108169
2023-05-04,547,4.904136
2023-05-04,730,4.504336
2023-05-05,10,4.541109
2023-05-05,30,4.616215
2023-05-05,60,4.717593
2023-05-05,91,4.808591
2023-05-05,122,4.886141
2023-05-05,152,4.948896
2023-05-05,182,5.000054
2023-05-05,273,5.089343
2023-05-05,365,5.089733
2023-05-05,547,4.879471
2023-05-05,730,4.477935
2023-05-08,10,4.550335
2023-05-08,30,4.62384
2023-05-08,60,4.722918
2023-05-08,91,4.811669
2023-05-08,122,4.887098
2023-05-08,152,4.947919
2023-05-08,182,4.997258
2023-05-08,273,5.081698
2023-05-08,365,5.078157
2023-05-08,547,4.862698
2023-05-08,730,4.458914
2023-05-09,10,4.560765
2023-05-09,30,4.63294
2023-05-09,60,4.730104
2023-05-09,91,4.816974
2023-05-09,122,4.890622
2023-05-09,152,4.949811
2023-05-09,182,4.997605
2023-05-09,273,5.077884
2023-05-09,365,5.070894
2023-05-09,547,4.850667
2023-05-09,730,4.444502
2023-05-10,10,4.571347
2023-05-10,30,4.642407
2023-05-10,60,4.737954
2023-05-10,91,4.823223
2023-05-10,122,4.895338
2023-05-10,152,4.953107
2023-05-10,182,4.999547
2023-05-10,273,5.076089
2023-05-10,365,5.06588
2023-05-10,547,4.840841
2023-05-10,730,4.431771
2023-05-11,10,4.578023
2023-05-11,30,4.648325
2023-05-11,60,4.742758
2023-05-11,91,4.826907
2023-05-11,122,4.897935
2023-05-11,152,4.954685
2023-05-11,182,5.000135
2023-05-11,273,5.073868
2023-05-11,365,5.061117
2023-05-11,547,4.831957
2023-05-11,730,4.419995
2023-05-12,10,4.576641
2023-05-12,30,4.647047
2023-05-12,60,4.741585
2023-05-12,91,4.82578
2023-05-12,122,4.896792
2023-05-12,152,4.953471
2023-05-12,182,4.9988
2023-05-12,273,5.07189
2023-05-12,365,5.058136
2023-05-12,547,4.826311
2023-05-12,730,4.411363
2023-05-15,10,4.583052
2023-05-15,30,4.652871
2023-05-15,60,4.746541
2023-05-15,91,4.829857
2023-05-15,122,4.90001
2023-05-15,152,4.955877
2023-05-15,182,5.000414
2023-05-15,273,5.071226
2023-05-15,365,5.055374
2023-05-15,547,4.820072
2023-05-15,730,4.402644
2023-05-16,10,4.588783
2023-05-16,30,4.658271
2023-05-16,60,4.751437
2023-05-16,91,4.834223
2023-05-16,122,4.903839
2023-05-16,152,4.95918
2023-05-16,182,5.003186
2023-05-16,273,5.072376
2023-05-16,365,5.054899
2023-05-16,547,4.816577
2023-05-16,730,4.396644
2023-05-17,10,4.591835
2023-05-17,30,4.661475
2023-05-17,60,4.754817
2023-05-17,91,4.837724
2023-05-17,122,4.9074
2023-05-17,152,4.962747
2023-05-17,182,5.006708
2023-05-17,273,5.075489
2023-05-17,365,5.057245
2023-05-17,547,4.816699
2023-05-17,730,4.394145
2023-05-18,10,4.592101
2023-05-18,30,4.662278
2023-05-18,60,4.756353
2023-05-18,91,4.839928
2023-05-18,122,4.910187
2023-05-18,152,4.966017
2023-05-18,182,5.010389
2023-05-18,273,5.08
2023-05-18,365,5.062036
2023-05-18,547,4.82078
2023-05-18,730,4.396475
2023-05-19,10,4.590258
2023-05-19,30,4.661325
2023-05-19,60,4.756635
2023-05-19,91,4.84136
2023-05-19,122,4.912648
2023-05-19,152,4.969363
2023-05-19,182,5.014515
2023-05-19,273,5.085897
2023-05-19,365,5.068918
2023-05-19,547,4.827738
2023-05-19,730,4.401864
2023-05-22,10,4.591207
2023-05-22,30,4.663077
2023-05-22,60,4.759495
2023-05-22,91,4.845253
2023-05-22,122,4.917461
2023-05-22,152,4.974965
2023-05-22,182,5.020811
2023-05-22,273,5.093755
2023-05-22,365,5.07762
2023-05-22,547,4.836409
2023-05-22,730,4.409025
2023-05-23,10,4.593304
2023-05-23,30,4.666027
2023-05-23,60,4.763625
2023-05-23,91,4.850482
2023-05-23,122,4.923672
2023-05-23,152,4.982019
2023-05-23,182,5.028607
2023-05-23,273,5.103231
2023-05-23,365,5.088016
2023-05-23,547,4.846817
2023-05-23,730,4.417849
2023-05-24,10,4.596656
2023-05-24,30,4.670335
2023-05-24,60,4.769259
2023-05-24,91,4.857349
2023-05-24,122,4.931642
2023-05-24,152,4.990935
2023-05-24,182,5.038356
2023-05-24,273,5.114863
2023-05-24,365,5.100677
2023-05-24,547,4.859477
2023-05-24,730,4.428708
2023-05-25,10,4.602397
2023-05-25,30,4.677044
2023-05-25,60,4.77731
2023-05-25,91,4.866657
2023-05-25,122,4.942078
2023-05-25,152,5.002347
2023-05-25,182,5.050632
2023-05-25,273,5.129136
2023-05-25,365,5.116118
2023-05-25,547,4.875232
2023-05-25,730,4.442999
2023-05-26,10,4.601793
2023-05-26,30,4.678084
2023-05-26,60,4.780654
2023-05-26,91,4.872182
2023-05-26,122,4.949587
2023-05-26,152,5.011596
2023-05-26,182,5.061451
2023-05-26,273,5.143748
2023-05-26,365,5.133228
2023-05-26,547,4.894092
2023-05-26,730,4.460616
2023-05-30,10,4.612576
2023-05-30,30,4.689559
2023-05-30,60,4.793083
2023-05-30,91,4.885492
2023-05-30,122,4.963678
2023-05-30,152,5.026351
2023-05-30,182,5.076784
2023-05-30,273,5.160343
2023-05-30,365,5.150437
2023-05-30,547,4.910994
2023-05-30,730,4.475906
2023-05-31,10,4.624562
2023-05-31,30,4.702074
2023-05-31,60,4.806314
2023-05-31,91,4.899371
2023-05-31,122,4.978116
2023-05-31,152,5.041247
2023-05-31,182,5.092062
2023-05-31,273,5.176347
2023-05-31,365,5.166598
2023-05-31,547,4.926159
2023-05-31,730,4.489011
2023-06-01,10,4.635008
2023-06-01,30,4.712897
2023-06-01,60,4.817645
2023-06-01,91,4.91116
2023-06-01,122,4.990294
2023-06-01,152,5.053744
2023-06-01,182,5.10482
2023-06-01,273,5.189582
2023-06-01,365,5.17989
2023-06-01,547,4.938628
2023-06-01,730,4.499919
2023-06-02,10,4.639956
2023-06-02,30,4.718687
2023-06-02,60,4.824607
2023-06-02,91,4.919219
2023-06-02,122,4.999341
2023-06-02,152,5.063645
2023-06-02,182,5.11548
2023-06-02,273,5.202004
2023-06-02,365,5.193358
2023-06-02,547,4.952436
2023-06-02,730,4.512515
2023-06-05,10,4.646209
2023-06-05,30,4.725767
2023-06-05,60,4.832835
2023-06-05,91,4.928521
2023-06-05,122,5.009609
2023-06-05,152,5.074747
2023-06-05,182,5.127323
2023-06-05,273,5.215557
2023-06-05,365,5.20791
2023-06-05,547,4.967252
2023-06-05,730,4.526058
2023-06-06,10,4.654715
2023-06-06,30,4.734921
2023-06-06,60,4.84289
2023-06-06,91,4.93942
2023-06-06,122,5.021266
2023-06-06,152,5.087061
2023-06-06,182,5.140221
2023-06-06,273,5.229809
2023-06-06,365,5.222965
2023-06-06,547,4.982569
2023-06-06,730,4.54045
2023-06-07,10,4.660775
2023-06-07,30,4.742027
2023-06-07,60,4.851459
2023-06-07,91,4.949371
2023-06-07,122,5.032472
2023-06-07,152,5.099366
2023-06-07,182,5.153513
2023-06-07,273,5.245471
2023-06-07,365,5.240162
2023-06-07,547,5.000752
2023-06-07,730,4.557716
2023-06-08,10,4.664141
2023-06-08,30,4.746763
2023-06-08,60,4.858109
2023-06-08,91,4.957829
2023-06-08,122,5.04257
2023-06-08,152,5.110897
2023-06-08,182,5.166335
2023-06-08,273,5.261383
2023-06-08,365,5.258071
2023-06-08,547,5.019942
2023-06-08,730,4.575732
2023-06-09,10,4.666933
2023-06-09,30,4.750879
2023-06-09,60,4.864087
2023-06-09,91,4.965576
2023-06-09,122,5.051935
2023-06-09,152,5.12169
2023-06-09,182,5.178424
2023-06-09,273,5.276654
2023-06-09,365,5.275525
2023-06-09,547,5.039227
2023-06-09,730,4.594492
2023-06-12,10,4.67332
2023-06-12,30,4.758231
2023-06-12,60,4.872793
2023-06-12,91,4.97557
2023-06-12,122,5.063106
2023-06-12,152,5.133899
2023-06-12,182,5.191575
2023-06-12,273,5.292117
2023-06-12,365,5.292575
2023-06-12,547,5.057613
2023-06-12,730,4.612518
2023-06-13,10,4.683086
2023-06-13,30,4.768609
2023-06-13,60,4.884038
2023-06-13,91,4.98765
2023-06-13,122,5.075961
2023-06-13,152,5.147449
2023-06-13,182,5.205767
2023-06-13,273,5.30796
2023-06-13,365,5.309673
2023-06-13,547,5.076191
2023-06-13,730,4.631611
2023-06-14,10,4.687964
2023-06-14,30,4.774904
2023-06-14,60,4.892303
2023-06-14,91,4.997759
2023-06-14,122,5.087729
2023-06-14,152,5.16065
2023-06-14,182,5.220241
2023-06-14,273,5.325373
2023-06-14,365,5.328792
2023-06-14,547,5.095668
2023-06-14,730,4.648631
2023-06-15,10,4.693856
2023-06-15,30,4.781995
2023-06-15,60,4.90104
2023-06-15,91,5.008011
2023-06-15,122,5.099312
2023-06-15,152,5.173356
2023-06-15,182,5.233911
2023-06-15,273,5.341073
2023-06-15,365,5.345323
2023-06-15,547,5.110967
2023-06-15,730,4.660085
2023-06-16,10,4.691811
2023-06-16,30,4.781845
2023-06-16,60,4.903513
2023-06-16,91,5.012926
2023-06-16,122,5.106408
2023-06-16,152,5.182321
2023-06-16,182,5.24452
2023-06-16,273,5.355377
2023-06-16,365,5.361597
2023-06-16,547,5.126961
2023-06-16,730,4.671965
2023-06-20,10,4.693184
2023-06-20,30,4.784369
2023-06-20,60,4.907667
2023-06-20,91,5.018645
2023-06-20,122,5.113574
2023-06-20,152,5.190779
2023-06-20,182,5.254164
2023-06-20,273,5.368003
2023-06-20,365,5.376351
2023-06-20,547,5.143583
2023-06-20,730,4.687814
2023-06-21,10,4.695806
2023-06-21,30,4.787625
2023-06-21,60,4.911861
2023-06-21,91,5.023788
2023-06-21,122,5.119643
2023-06-21,152,5.19772
2023-06-21,182,5.261953
2023-06-21,273,5.378191
2023-06-21,365,5.388666
2023-06-21,547,5.159028
2023-06-21,730,4.704631
2023-06-22,10,4.700855
2023-06-22,30,4.792956
2023-06-22,60,4.917654
2023-06-22,91,5.030104
2023-06-22,122,5.126524
2023-06-22,152,5.205181
2023-06-22,182,5.270024
2023-06-22,273,5.388247
2023-06-22,365,5.400831
2023-06-22,547,5.17516
2023-06-22,730,4.723621
2023-06-23,10,4.700947
2023-06-23,30,4.793515
2023-06-23,60,4.918952
2023-06-23,91,5.032211
2023-06-23,122,5.129479
2023-06-23,152,5.208993
2023-06-23,182,5.274718
2023-06-23,273,5.395734
2023-06-23,365,5.411206
2023-06-23,547,5.190861
2023-06-23,730,4.743196
2023-06-26,10,4.704128
2023-06-26,30,4.796826
2023-06-26,60,4.92253
2023-06-26,91,5.03615
2023-06-26,122,5.13386
2023-06-26,152,5.213869
2023-06-26,182,5.280152
2023-06-26,273,5.403171
2023-06-26,365,5.421002
2023-06-26,547,5.205586
2023-06-26,730,4.762021
2023-06-27,10,4.710548
2023-06-27,30,4.803079
2023-06-27,60,4.928635
2023-06-27,91,5.04222
2023-06-27,122,5.140008
2023-06-27,152,5.220193
2023-06-27,182,5.286741
2023-06-27,273,5.411045
2023-06-27,365,5.43074
2023-06-27,547,5.21986
2023-06-27,730,4.780586
2023-06-28,10,4.718432
2023-06-28,30,4.810731
2023-06-28,60,4.936039
2023-06-28,91,5.049492
2023-06-28,122,5.147262
2023-06-28,152,5.227533
2023-06-28,182,5.294262
2023-06-28,273,5.419606
2023-06-28,365,5.440947
2023-06-28,547,5.234246
2023-06-28,730,4.799015
2023-06-29,10,4.726647
2023-06-29,30,4.818741
2023-06-29,60,4.943845
2023-06-29,91,5.057213
2023-06-29,122,5.155017
2023-06-29,152,5.235426
2023-06-29,182,5.302389
2023-06-29,273,5.428955
2023-06-29,365,5.452146
2023-06-29,547,5.250085
2023-06-29,730,4.819416
2023-06-30,10,4.727731
2023-06-30,30,4.820148
2023-06-30,60,4.945801
2023-06-30,91,5.059809
2023-06-30,122,5.158323
2023-06-30,152,5.239478
2023-06-30,182,5.307238
2023-06-30,273,5.43648
2023-06-30,365,5.462636
2023-06-30,547,5.266525
2023-06-30,730,4.840817
2023-07-03,10,4.728869
2023-07-03,30,4.821625
2023-07-03,60,4.947847
2023-07-03,91,5.062513
2023-07-03,122,5.16175
2023-07-03,152,5.243661
2023-07-03,182,5.312227
2023-07-03,273,5.444156
2023-07-03,365,5.473272
2023-07-03,547,5.283092
2023-07-03,730,4.86236
2023-07-05,10,4.73162
2023-07-05,30,4.824643
2023-07-05,60,4.95133
2023-07-05,91,5.066551
2023-07-05,122,5.166413
2023-07-05,152,5.248989
2023-07-05,182,5.318273
2023-07-05,273,5.452652
2023-07-05,365,5.484531
2023-07-05,547,5.300028
2023-07-05,730,4.884215
2023-07-06,10,4.737536
2023-07-06,30,4.830592
2023-07-06,60,4.957411
2023-07-06,91,5.072869
2023-07-06,122,5.173063
2023-07-06,152,5.256042
2023-07-06,182,5.325807
2023-07-06,273,5.462041
2023-07-06,365,5.49627
2023-07-06,547,5.31712
2023-07-06,730,4.906461
2023-07-07,10,4.741586
2023-07-07,30,4.834779
2023-07-07,60,4.961875
2023-07-07,91,5.077706
2023-07-07,122,5.178353
2023-07-07,152,5.261843
2023-07-07,182,5.332184
2023-07-07,273,5.470501
2023-07-07,365,5.507229
2023-07-07,547,5.333547
2023-07-07,730,4.928026
2023-07-10,10,4.747926
2023-07-10,30,4.841
2023-07-10,60,4.968007
2023-07-10,91,5.08385
2023-07-10,122,5.184611
2023-07-10,152,5.2683
2023-07-10,182,5.338921
2023-07-10,273,5.478532
2023-07-10,365,5.517109
2023-07-10,547,5.348026
2023-07-10,730,4.947267
2023-07-11,10,4.75662
2023-07-11,30,4.849404
2023-07-11,60,4.97607
2023-07-11,91,5.091673
2023-07-11,122,5.192302
2023-07-11,152,5.275961
2023-07-11,182,5.346641
2023-07-11,273,5.486916
2023-07-11,365,5.526775
2023-07-11,547,5.361378
2023-07-11,730,4.964754
2023-07-12,10,4.762692
2023-07-12,30,4.855126
2023-07-12,60,4.981361
2023-07-12,91,5.096634
2023-07-12,122,5.197043
2023-07-12,152,5.280587
2023-07-12,182,5.351245
2023-07-12,273,5.491949
2023-07-12,365,5.532879
2023-07-12,547,5.370831
2023-07-12,730,4.978131
2023-07-13,10,4.771516
2023-07-13,30,4.863314
2023-07-13,60,4.988701
2023-07-13,91,5.103222
2023-07-13,122,5.203
2023-07-13,152,5.286044
2023-07-13,182,5.356301
2023-07-13,273,5.496358
2023-07-13,365,5.537367
2023-07-13,547,5.376997
2023-07-13,730,4.986939
2023-07-14,10,4.776281
2023-07-14,30,4.867848
2023-07-14,60,4.992954
2023-07-14,91,5.107263
2023-07-14,122,5.206903
2023-07-14,152,5.28988
2023-07-14,182,5.360132
2023-07-14,273,5.500502
2023-07-14,365,5.542236
2023-07-14,547,5.384028
2023-07-14,730,4.996303
2023-07-17,10,4.785466
2023-07-17,30,4.876476
2023-07-17,60,5.000832
2023-07-17,91,5.114468
2023-07-17,122,5.213535
2023-07-17,152,5.296048
2023-07-17,182,5.365918
2023-07-17,273,5.505592
2023-07-17,365,5.547221
2023-07-17,547,5.39004
2023-07-17,730,5.004097
2023-07-18,10,4.788878
2023-07-18,30,4.879883
2023-07-18,60,5.004262
2023-07-18,91,5.117962
2023-07-18,122,5.217129
2023-07-18,152,5.299769
2023-07-18,182,5.369796
2023-07-18,273,5.510084
2023-07-18,365,5.552488
2023-07-18,547,5.39698
2023-07-18,730,5.012372
2023-07-19,10,4.793356
2023-07-19,30,4.884338
2023-07-19,60,5.008712
2023-07-19,91,5.122439
2023-07-19,122,5.221664
2023-07-19,152,5.304386
2023-07-19,182,5.374519
2023-07-19,273,5.515248
2023-07-19,365,5.558222
2023-07-19,547,5.403931
2023-07-19,730,5.020191
2023-07-20,10,4.798407
2023-07-20,30,4.889351
2023-07-20,60,5.013695
2023-07-20,91,5.127426
2023-07-20,122,5.226686
2023-07-20,152,5.30947
2023-07-20,182,5.37969
2023-07-20,273,5.52081
2023-07-20,365,5.564322
2023-07-20,547,5.411235
2023-07-20,730,5.028438
2023-07-21,10,4.794481
2023-07-21,30,4.886106
2023-07-21,60,5.011442
2023-07-21,91,5.126161
2023-07-21,122,5.226373
2023-07-21,152,5.310041
2023-07-21,182,5.381109
2023-07-21,273,5.524574
2023-07-21,365,5.570101
2023-07-21,547,5.419894
2023-07-21,730,5.038425
2023-07-24,10,4.797603
2023-07-24,30,4.889447
2023-07-24,60,5.015121
2023-07-24,91,5.130196
2023-07-24,122,5.230769
2023-07-24,152,5.314792
2023-07-24,182,5.386216
2023-07-24,273,5.530761
2023-07-24,365,5.577343
2023-07-24,547,5.428941
2023-07-24,730,5.048616
2023-07-25,10,4.804435
2023-07-25,30,4.896197
2023-07-25,60,5.02178
2023-07-25,91,5.136799
2023-07-25,122,5.237352
2023-07-25,152,5.321387
2023-07-25,182,5.392854
2023-07-25,273,5.537682
2023-07-25,365,5.584735
2023-07-25,547,5.437557
2023-07-25,730,5.058416
2023-07-26,10,4.81809
2023-07-26,30,4.909246
2023-07-26,60,5.03399
2023-07-26,91,5.14823
2023-07-26,122,5.248089
2023-07-26,152,5.33153
2023-07-26,182,5.402473
2023-07-26,273,5.54612
2023-07-26,365,5.592519
2023-07-26,547,5.445251
2023-07-26,730,5.066963
2023-07-27,10,4.831093
2023-07-27,30,4.921638
2023-07-27,60,5.045543
2023-07-27,91,5.159012
2023-07-27,122,5.25819
2023-07-27,152,5.341057
2023-07-27,182,5.411504
2023-07-27,273,5.554088
2023-07-27,365,5.600005
2023-07-27,547,5.453106
2023-07-27,730,5.076254
2023-07-28,10,4.837198
2023-07-28,30,4.927684
2023-07-28,60,5.051534
2023-07-28,91,5.164982
2023-07-28,122,5.264177
2023-07-28,152,5.347091
2023-07-28,182,5.417615
2023-07-28,273,5.560592
2023-07-28,365,5.607099
2023-07-28,547,5.461706
2023-07-28,730,5.086414
2023-07-31,10,4.847158
2023-07-31,30,4.937264
2023-07-31,60,5.060599
2023-07-31,91,5.173585
2023-07-31,122,5.272385
2023-07-31,152,5.354977
2023-07-31,182,5.425236
2023-07-31,273,5.567726
2023-07-31,365,5.614164
2023-07-31,547,5.469554
2023-07-31,730,5.095736
2023-08-01,10,4.858698
2023-08-01,30,4.948325
2023-08-01,60,5.07101
2023-08-01,91,5.183405
2023-08-01,122,5.281694
2023-08-01,152,5.363865
2023-08-01,182,5.433771
2023-08-01,273,5.575572
2023-08-01,365,5.621825
2023-08-01,547,5.478006
2023-08-01,730,5.105916
2023-08-02,10,4.870485
2023-08-02,30,4.959709
2023-08-02,60,5.081846
2023-08-02,91,5.193741
2023-08-02,122,5.291595
2023-08-02,152,5.373405
2023-08-02,182,5.443005
2023-08-02,273,5.584194
2023-08-02,365,5.63025
2023-08-02,547,5.486989
2023-08-02,730,5.116232
2023-08-03,10,4.880085
2023-08-03,30,4.969107
2023-08-03,60,5.090979
2023-08-03,91,5.202648
2023-08-03,122,5.300321
2023-08-03,152,5.381996
2023-08-03,182,5.4515
2023-08-03,273,5.592607
2023-08-03,365,5.63886
2023-08-03,547,5.496592
2023-08-03,730,5.12726
2023-08-04,10,4.886619
2023-08-04,30,4.975608
2023-08-04,60,5.097451
2023-08-04,91,5.209115
2023-08-04,122,5.306809
2023-08-04,152,5.388525
2023-08-04,182,5.458091
2023-08-04,273,5.599497
2023-08-04,365,5.646192
2023-08-04,547,5.505057
2023-08-04,730,5.136958
2023-08-07,10,4.896845
2023-08-07,30,4.985506
2023-08-07,60,5.106895
2023-08-07,91,5.218134
2023-08-07,122,5.315446
2023-08-07,152,5.396832
2023-08-07,182,5.466105
2023-08-07,273,5.606835
2023-08-07,365,5.653133
2023-08-07,547,5.511881
2023-08-07,730,5.14425
2023-08-08,10,4.909624
2023-08-08,30,4.997681
2023-08-08,60,5.11822
2023-08-08,91,5.228648
2023-08-08,122,5.325216
2023-08-08,152,5.405943
2023-08-08,182,5.474616
2023-08-08,273,5.613855
2023-08-08,365,5.659107
2023-08-08,547,5.516901
2023-08-08,730,5.149397
2023-08-09,10,4.92108
2023-08-09,30,5.008498
2023-08-09,60,5.128137
2023-08-09,91,5.237709
2023-08-09,122,5.33349
2023-08-09,152,5.413523
2023-08-09,182,5.481563
2023-08-09,273,5.619239
2023-08-09,365,5.663403
2023-08-09,547,5.520248
2023-08-09,730,5.152963
2023-08-10,10,4.930745
2023-08-10,30,5.017689
2023-08-10,60,5.136663
2023-08-10,91,5.245604
2023-08-10,122,5.34081
2023-08-10,152,5.420337
2023-08-10,182,5.48792
2023-08-10,273,5.624483
2023-08-10,365,5.667903
2023-08-10,547,5.524201
2023-08-10,730,5.157257
2023-08-11,10,4.938321
2023-08-11,30,5.024904
2023-08-11,60,5.143378
2023-08-11,91,5.251853
2023-08-11,122,5.346644
2023-08-11,152,5.425814
2023-08-11,182,5.493083
2023-08-11,273,5.628944
2023-08-11,365,5.671995
2023-08-11,547,5.528373
2023-08-11,730,5.162276
2023-08-14,10,4.948204
2023-08-14,30,5.034338
2023-08-14,60,5.15219
2023-08-14,91,5.260086
2023-08-14,122,5.354358
2023-08-14,152,5.433083
2023-08-14,182,5.49996
2023-08-14,273,5.634936
2023-08-14,365,5.677513
2023-08-14,547,5.533972
2023-08-14,730,5.168929
2023-08-15,10,4.957708
2023-08-15,30,5.043453
2023-08-15,60,5.160771
2023-08-15,91,5.268176
2023-08-15,122,5.362017
2023-08-15,152,5.44038
2023-08-15,182,5.506947
2023-08-15,273,5.641277
2023-08-15,365,5.683608
2023-08-15,547,5.540551
2023-08-15,730,5.176907
2023-08-16,10,4.962439
2023-08-16,30,5.048234
2023-08-16,60,5.165644
2023-08-16,91,5.273164
2023-08-16,122,5.367138
2023-08-16,152,5.445646
2023-08-16,182,5.512374
2023-08-16,273,5.647279
2023-08-16,365,5.6903
2023-08-16,547,5.548825
2023-08-16,730,5.186881
2023-08-17,10,4.966536
2023-08-17,30,5.052337
2023-08-17,60,5.169787
2023-08-17,91,5.277386
2023-08-17,122,5.371476
2023-08-17,152,5.45013
2023-08-17,182,5.517033
2023-08-17,273,5.652645
2023-08-17,365,5.696608
2023-08-17,547,5.557485
2023-08-17,730,5.198251
2023-08-18,10,4.968678
2023-08-18,30,5.05458
2023-08-18,60,5.172208
2023-08-18,91,5.280025
2023-08-18,122,5.374366
2023-08-18,152,5.453292
2023-08-18,182,5.520495
2023-08-18,273,5.657166
2023-08-18,365,5.702394
2023-08-18,547,5.566166
2023-08-18,730,5.210067
2023-08-21,10,4.973826
2023-08-21,30,5.059611
2023-08-21,60,5.177113
2023-08-21,91,5.284858
2023-08-21,122,5.379186
2023-08-21,152,5.458152
2023-08-21,182,5.525445
2023-08-21,273,5.662666
2023-08-21,365,5.708822
2023-08-21,547,5.575271
2023-08-21,730,5.222541
2023-08-22,10,4.980932
2023-08-22,30,5.066439
2023-08-22,60,5.183589
2023-08-22,91,5.291052
2023-08-22,122,5.385174
2023-08-22,152,5.464011
2023-08-22,182,5.531241
2023-08-22,273,5.66865
2023-08-22,365,5.715507
2023-08-22,547,5.584522
2023-08-22,730,5.235394
2023-08-23,10,4.98961
2023-08-23,30,5.074593
2023-08-23,60,5.191041
2023-08-23,91,5.297879
2023-08-23,122,5.391476
2023-08-23,152,5.469896
2023-08-23,182,5.536796
2023-08-23,273,5.673691
2023-08-23,365,5.720699
2023-08-23,547,5.591596
2023-08-23,730,5.245816
2023-08-24,10,4.993931
2023-08-24,30,5.078749
2023-08-24,60,5.195008
2023-08-24,91,5.301723
2023-08-24,122,5.395267
2023-08-24,152,5.4737
2023-08-24,182,5.540672
2023-08-24,273,5.678123
2023-08-24,365,5.726144
2023-08-24,547,5.600058
2023-08-24,730,5.258125
2023-08-25,10,4.992959
2023-08-25,30,5.078099
2023-08-25,60,5.194864
2023-08-25,91,5.302127
2023-08-25,122,5.396246
2023-08-25,152,5.475256
2023-08-25,182,5.542826
2023-08-25,273,5.682193
2023-08-25,365,5.732273
2023-08-25,547,5.610431
2023-08-25,730,5.272669
2023-08-28,10,5.00113
2023-08-28,30,5.08582
2023-08-28,60,5.201996
2023-08-28,91,5.308756
2023-08-28,122,5.402473
2023-08-28,152,5.481189
2023-08-28,182,5.548552
2023-08-28,273,5.687794
2023-08-28,365,5.738423
2023-08-28,547,5.619233
2023-08-28,730,5.2855
2023-08-29,10,5.007834
2023-08-29,30,5.092201
2023-08-29,60,5.207962
2023-08-29,91,5.314378
2023-08-29,122,5.407834
2023-08-29,152,5.486373
2023-08-29,182,5.553629
2023-08-29,273,5.692944
2023-08-29,365,5.744186
2023-08-29,547,5.627437
2023-08-29,730,5.297191
2023-08-30,10,5.012259
2023-08-30,30,5.096438
2023-08-30,60,5.211974
2023-08-30,91,5.318224
2023-08-30,122,5.411578
2023-08-30,152,5.490078
2023-08-30,182,5.557351
2023-08-30,273,5.697027
2023-08-30,365,5.74905
2023-08-30,547,5.634772
2023-08-30,730,5.307743
2023-08-31,10,5.017564
2023-08-31,30,5.101282
2023-08-31,60,5.216204
2023-08-31,91,5.321915
2023-08-31,122,5.414825
2023-08-31,152,5.492979
2023-08-31,182,5.559988
2023-08-31,273,5.699318
2023-08-31,365,5.751611
2023-08-31,547,5.63931
2023-08-31,730,5.315541
2022-09-22,122,3.275965
2022-09-22,152,3.390996
2022-09-22,182,3.496725
2022-09-22,273,3.763501
2022-09-22,365,3.95716
2022-09-22,547,4.147573
2022-09-22,730,4.135543
2022-09-23,10,2.771366
2022-09-23,30,2.875816
2022-09-23,60,3.02364
2022-09-23,91,3.165512
2022-09-23,122,3.296645
2022-09-23,152,3.413632
2022-09-23,182,3.521162
2022-09-23,273,3.792514
2022-09-23,365,3.989546
2022-09-23,547,4.183469
2022-09-23,730,4.171649
2022-09-26,10,2.779262
2022-09-26,30,2.885652
2022-09-26,60,3.036235
2022-09-26,91,3.180774
2022-09-26,122,3.314394
2022-09-26,152,3.433619
2022-09-26,182,3.543228
2022-09-26,273,3.819958
2022-09-26,365,4.021115
2022-09-26,547,4.219859
2022-09-26,730,4.209329
2022-09-27,10,2.795098
2022-09-27,30,2.902562
2022-09-27,60,3.054682
2022-09-27,91,3.200716
2022-09-27,122,3.335741
2022-09-27,152,3.45624
2022-09-27,182,3.567042
2022-09-27,273,3.846923
2022-09-27,365,4.050602
2022-09-27,547,4.252641
2022-09-27,730,4.243609
2022-09-28,10,2.812509
2022-09-28,30,2.920532
2022-09-28,60,3.073455
2022-09-28,91,3.220276
2022-09-28,122,3.356043
2022-09-28,152,3.477223
2022-09-28,182,3.588668
2022-09-28,273,3.870279
2022-09-28,365,4.075397
2022-09-28,547,4.279498
2022-09-28,730,4.2717
2022-09-29,10,2.830904
2022-09-29,30,2.939189
2022-09-29,60,3.092496
2022-09-29,91,3.239702
2022-09-29,122,3.375842
2022-09-29,152,3.497372
2022-09-29,182,3.609156
2022-09-29,273,3.891732
2022-09-29,365,4.09774
2022-09-29,547,4.303373
